filename,avgTemperatureC,avgPressureKPa,fluxValue,fluxType,plotID,segSD,avgCO2,avgH2O,r2,aic,param,fluxMethodJustification,fluxDirectionFlag,redo,dayOrNight,r2Flag,segFlag,fluxFlag
data/rawData/LI7500/LI7500_Site 5/5_2800_west_5_night_resp.txt,11.0929576031215,73.0179689966555,-6.18759501102913,resp,2800west5,0.117387107750215,412.527269899666,16.8125214604236,0.995052571154742,-35.4514491952564,co2,checked only linear fit,Looks good!,FALSE,night,Looks good!,Looks good!,keep
data/rawData/LI7500/LI7500_Site 5/5_2800_west_5_day_resp.txt,20.7747574632353,73.0117748897059,-1.04009723546033,resp,2800west5,0,426.908683088235,17.4726894852941,0.881714712434745,56.8398521965198,co2,checked only linear fit,Weird flux! Both positive and negative segments identified,FALSE,day,Looks good!,Looks good!,discard
data/rawData/LI7500/LI7500_Site 5/5_2800_west_4_night_resp.txt,11.0689333333333,73.0152710526316,-2.82258729308755,resp,2800west4,0,411.673964912281,17.0635710526316,0.798647826629706,363.57721423004,co2,checked only linear fit,Looks good!,FALSE,night,Looks good!,Looks good!,keep
data/rawData/LI7500/LI7500_Site 5/5_2800_west_4_day_resp.txt,20.452423141655,72.9909523141655,-4.76235950712928,resp,2800west4,0.0241454232714742,416.353085086489,15.5249584385227,0.823768736564675,61.2662079441609,co2,checked only linear fit,Looks good!,FALSE,day,Looks good!,Looks good!,keep
data/rawData/LI7500/LI7500_Site 5/5_2800_west_3_night_resp.txt,10.9329931034483,73.0068405172414,,resp,2800west3,0,410.749086206897,16.8332905172414,,,co2,checked only linear fit,Looks good!,FALSE,night,,,
data/rawData/LI7500/LI7500_Site 5/5_2800_west_3_day_resp.txt,19.5687975840336,72.9901134453782,-5.90240093050678,resp,2800west3,1.49426444107414,424.042132615546,15.8189335871849,0.935063191899868,35.4092154922778,co2,checked only linear fit,Looks good!,FALSE,day,Looks good!,"Not good, segments are extremely variable. Suggest to discard",discard
data/rawData/LI7500/LI7500_Site 5/5_2800_west_2_night_resp.txt,10.8374607095217,72.9995096447201,-6.57458314717536,resp,2800west2,0.446550226421867,412.501021238938,17.3185919227675,0.989037085837662,-14.7055480876857,co2,checked only linear fit,Looks good!,FALSE,night,Looks good!,Looks good!,keep
data/rawData/LI7500/LI7500_Site 5/5_2800_west_2_day_resp.txt,21.4393309513742,72.9755909090909,-4.52699597258884,resp,2800west2,0,428.97403875969,18.9594286821705,0.93104548050638,45.6769492504722,co2,checked only linear fit,Looks good!,FALSE,day,Looks good!,Looks good!,keep
data/rawData/LI7500/LI7500_Site 5/5_2800_west_1_night_resp.txt,10.2864894815869,72.990564084197,-4.32692229472251,resp,2800west1,0.477149013124476,409.519268097044,17.1621431523629,0.977635331462308,-23.3994510190502,co2,checked only linear fit,Looks good!,FALSE,night,Looks good!,Looks good!,keep
data/rawData/LI7500/LI7500_Site 5/5_2800_west_1_day_resp.txt,23.0036917134986,72.9763465013774,-11.860090269127,resp,2800west1,0.407287293526769,426.234701157025,21.0506942479339,0.987304033290862,129.34277694863,co2,checked only linear fit,Looks good!,FALSE,day,Looks good!,Looks good!,keep
data/rawData/LI7500/LI7500_Site 5/5_2800_east_5_night_resp.txt,10.3021750930997,73.1323587732749,-2.59520005883232,resp,2800east5,0.149800701202872,414.90615618839,17.8249095290252,0.887152592138754,16.6592949871401,co2,checked only linear fit,Looks good!,FALSE,night,Looks good!,Looks good!,keep
data/rawData/LI7500/LI7500_Site 5/5_2800_east_5_day_resp.txt,22.0707421503608,73.1212513095996,-7.17419543649017,resp,2800east5,0.995405465190177,422.921546883843,20.6123109728707,0.954149384663737,54.2343143923265,co2,checked only linear fit,Looks good!,FALSE,day,Looks good!,Looks good!,keep
data/rawData/LI7500/LI7500_Site 5/5_2800_east_4_night_resp.txt,10.4933115910334,73.1294376708584,3.67442765744211,resp,2800east4,1.0892703069528,421.717669218152,18.1159761071624,0.814111656627665,23.5488665541608,co2,checked only linear fit,Looks good!,FALSE,night,Looks good!,"Not good, segments are extremely variable. Suggest to discard",discard
data/rawData/LI7500/LI7500_Site 5/5_2800_east_4_day_resp.txt,21.3240825229781,73.1249189521109,-5.11052346739094,resp,2800east4,0.942353356584556,421.057958695557,17.0228300811738,0.945515014453887,-9.3360909520572,co2,checked only linear fit,Looks good!,FALSE,day,Looks good!,Looks good!,keep
data/rawData/LI7500/LI7500_Site 5/5_2800_east_3_night_resp.txt,10.5048509803922,73.1255392156863,-2.94594305271919,resp,2800east3,0,420.44831372549,18.1875431372549,0.79390086336037,89.4059592450238,co2,checked only linear fit,Weird flux! Both positive and negative segments identified,FALSE,night,Looks good!,Looks good!,discard
data/rawData/LI7500/LI7500_Site 5/5_2800_east_3_day_resp.txt,23.7604534825871,73.1167277690495,-10.7269248905351,resp,2800east3,2.23580146919069,447.763472636816,19.4132098455093,0.965652789014235,136.053511584574,co2,checked only linear fit,Looks good!,FALSE,day,Looks good!,Looks good!,keep
data/rawData/LI7500/LI7500_Site 5/5_2800_east_2_night_resp.txt,10.5219193847294,73.1208943661972,-1.97052664995771,resp,2800east2,0.64805682567707,444.684541759328,17.2882514208055,0.938503738858289,-47.4433417366089,co2,checked only linear fit,Looks good!,FALSE,night,Looks good!,"Not good, segments are extremely variable. Suggest to discard",discard
data/rawData/LI7500/LI7500_Site 5/5_2800_east_2_day_resp.txt,23.3759238486842,73.1265409539474,-15.2308152076717,resp,2800east2,6.67147481733148,447.735933388158,18.9277947642544,0.928803252704325,255.958958576176,co2,checked only linear fit,Looks good!,FALSE,day,Looks good!,"Not good, segments are extremely variable. Suggest to discard",discard
data/rawData/LI7500/LI7500_Site 5/5_2800_east_1_night_resp.txt,10.3971063480496,73.1121530973112,-5.29861182554387,resp,2800east1,0.476159869519583,433.807016857811,17.8308040854781,0.952327643619658,23.5938460669648,co2,checked only linear fit,Looks good!,FALSE,night,Looks good!,Looks good!,keep
data/rawData/LI7500/LI7500_Site 5/5_2800_east_1_day_resp.txt,21.7812004034657,73.1351845179811,-8.76297825172332,resp,2800east1,1.21696733418849,437.065494707448,16.9751375604155,0.949476887882969,75.3054145192332,co2,checked only linear fit,Looks good!,FALSE,day,Looks good!,Looks good!,keep
data/rawData/LI7500/LI7500_Site 4/4_2600_west_5_night_resp.txt,12.7640560544218,74.9917142857143,-7.77510873109021,resp,2600west5,1.71326339079039,420.517900680272,20.0835930612245,0.983960012080824,9.03348977412621,co2,checked only linear fit,Weird flux! Both positive and negative segments identified,FALSE,night,Looks good!,Looks good!,discard
data/rawData/LI7500/LI7500_Site 4/4_2600_west_5_day_resp.txt,19.3360171471292,74.8605801824163,-6.27355520381723,resp,2600west5,0.81235907620116,403.906786009769,21.8323238596491,0.954184798102411,26.8986082410842,co2,checked only linear fit,Looks good!,FALSE,day,Looks good!,Looks good!,keep
data/rawData/LI7500/LI7500_Site 4/4_2600_west_4_night_resp.txt,12.788725,74.996609375,-2.85371967972425,resp,2600west4,0,423.6183125,19.49735,0.737453273944777,35.4516325743525,co2,checked only linear fit,Weird flux! Both positive and negative segments identified,FALSE,night,"Be careful, R2 is suspiciously low",Looks good!,discard
data/rawData/LI7500/LI7500_Site 4/4_2600_west_4_day_resp.txt,18.2041434536638,74.864683276691,-5.47265846746261,resp,2600west4,0.510147395656295,405.497711144728,21.0970743741711,0.88472393765777,64.4094708710592,co2,checked only linear fit,Looks good!,FALSE,day,Looks good!,Looks good!,keep
data/rawData/LI7500/LI7500_Site 4/4_2600_west_3_night_resp.txt,12.8468450980392,74.9866431372549,-5.96452222118233,resp,2600west3,0,417.504490196078,19.7557666666667,0.907438112635348,111.990486745477,co2,checked only linear fit,Weird flux! Both positive and negative segments identified,FALSE,night,Looks good!,Looks good!,discard
data/rawData/LI7500/LI7500_Site 4/4_2600_west_3_day_resp.txt,16.0958346294262,74.8420021766149,-1.85839017488255,resp,2600west3,3.16793663814275,407.673839209028,19.2310840329794,0.885806106248379,79.4251258386028,co2,checked only linear fit,Weird flux! Both positive and negative segments identified,FALSE,day,Looks good!,"Not good, segments are extremely variable. Suggest to discard",discard
data/rawData/LI7500/LI7500_Site 4/4_2600_west_2_night_redo_resp.txt,13.1512983050847,74.9884610169492,-2.68312037050179,resp,2600west2,0,422.560559322034,20.0231406779661,0.888223514602577,64.0662532744433,co2,checked only linear fit,Weird flux! Both positive and negative segments identified,TRUE,night,Looks good!,Looks good!,discard
data/rawData/LI7500/LI7500_Site 4/4_2600_west_2_day_resp.txt,16.52158125,74.844096875,-5.03073164308065,resp,2600west2,0,399.08471875,20.02976875,0.85405875572841,49.2075971437513,co2,checked only linear fit,Weird flux! Both positive and negative segments identified,FALSE,day,Looks good!,Looks good!,discard
data/rawData/LI7500/LI7500_Site 4/4_2600_west_1_night_resp.txt,13.4814620509243,74.9727797523544,-5.91264811212122,resp,2600west1,1.54411852405133,422.373516829439,20.3036865364493,0.982641807678761,70.2193735895494,co2,checked only linear fit,Looks good!,FALSE,night,Looks good!,"Not good, segments are extremely variable. Suggest to discard",discard
data/rawData/LI7500/LI7500_Site 4/4_2600_west_1_day_resp.txt,14.3828228571429,74.8407285714286,-2.54817992456983,resp,2600west1,0,400.742314285714,18.5802114285714,0.962286516066736,-40.1293092698045,co2,checked only linear fit,Weird flux! Both positive and negative segments identified,FALSE,day,Looks good!,Looks good!,discard
data/rawData/LI7500/LI7500_Site 4/4_2600_east_5_night_resp.txt,11.9576832908163,75.0528250510204,-3.51120944730003,resp,2600east5,0.0623077191227702,415.0862625,19.2205462244898,0.966999174699127,-19.7586833772163,co2,checked only linear fit,Weird flux! Both positive and negative segments identified,FALSE,night,Looks good!,Looks good!,discard
data/rawData/LI7500/LI7500_Site 4/4_2600_east_5_day_resp.txt,22.9063684036394,74.9146095473187,-24.7319009647221,resp,2600east5,3.56951474144098,430.827431227599,27.8658115022746,0.967268727096219,163.716129645564,co2,checked only linear fit,Looks good!,FALSE,day,Looks good!,Looks good!,keep
data/rawData/LI7500/LI7500_Site 4/4_2600_east_4_night_resp.txt,12.3161487379942,75.0479155907974,-3.24015164288077,resp,2600east4,0.793814487001823,421.777237212419,17.3899465713648,0.972570543151912,16.9303407694496,co2,checked only linear fit,Looks good!,FALSE,night,Looks good!,Looks good!,keep
data/rawData/LI7500/LI7500_Site 4/4_2600_east_4_day_resp.txt,23.87418701315,74.9087469327015,-14.3657776766717,resp,2600east4,4.92791235851829,435.097120714727,29.8270133017397,0.889494503101472,115.778496325917,co2,checked only linear fit,Looks good!,FALSE,day,Looks good!,"Not good, segments are extremely variable. Suggest to discard",discard
data/rawData/LI7500/LI7500_Site 4/4_2600_east_3_night_resp.txt,12.4516751677852,75.0478208053691,,resp,2600east3,0,420.440140939597,12.9573375838926,,,co2,checked only linear fit,Looks good!,FALSE,night,,,
data/rawData/LI7500/LI7500_Site 4/4_2600_east_3_night_redo_resp.txt,12.4818195851842,75.0500453083081,-4.85901349837399,resp,2600east3,0.459532705107178,424.051915875006,19.9650387723388,0.958312942788463,18.8377462051361,co2,checked only linear fit,Looks good!,TRUE,night,Looks good!,Looks good!,keep
data/rawData/LI7500/LI7500_Site 4/4_2600_east_3_day_resp.txt,23.0958302811153,74.9224257041487,-12.3768525175529,resp,2600east3,2.43137765497723,424.136985008271,28.3728640960341,0.930383181150545,94.231625552017,co2,checked only linear fit,Looks good!,FALSE,day,Looks good!,Looks good!,keep
data/rawData/LI7500/LI7500_Site 4/4_2600_east_2_night_resp.txt,12.2446818038741,75.0439262409201,-10.9644703035368,resp,2600east2,1.49189623235608,434.945940163438,19.7104648274818,0.975469682852191,50.0152588017309,co2,checked only linear fit,Looks good!,FALSE,night,Looks good!,Looks good!,keep
data/rawData/LI7500/LI7500_Site 4/4_2600_east_2_day_resp.txt,24.298942581187,74.8960165173572,-15.5118151280259,resp,2600east2,5.55655062349361,418.070692609183,27.6965983202688,0.966893215880535,99.5364739452623,co2,checked only linear fit,Looks good!,FALSE,day,Looks good!,"Not good, segments are extremely variable. Suggest to discard",discard
data/rawData/LI7500/LI7500_Site 4/4_2600_east_1_night_resp.txt,12.4279719808796,75.0515949476546,-9.37441490190391,resp,2600east1,0.521197657223799,429.457617911905,18.7745875313484,0.93535179066626,70.3469135158745,co2,checked only linear fit,Looks good!,FALSE,night,Looks good!,Looks good!,keep
data/rawData/LI7500/LI7500_Site 4/4_2600_east_1_day_resp.txt,23.7072136679293,74.9021024305556,-9.95662727500587,resp,2600east1,2.37701128454722,433.241287563131,27.4581162563131,0.963034617683841,69.5534998253024,co2,checked only linear fit,Weird flux! Both positive and negative segments identified,FALSE,day,Looks good!,Looks good!,discard
data/rawData/LI7500/LI7500_Site 3/old/3_2400_west_5_day_resp.txt,24.2463009936766,76.1117735320687,-10.3859011680609,resp,2400west5,1.8378162510932,451.289478319783,14.6141075880759,0.956117500343676,83.9502495990958,co2,checked only linear fit,Weird flux! Both positive and negative segments identified,FALSE,day,Looks good!,Looks good!,discard
data/rawData/LI7500/LI7500_Site 3/old/3_2400_west_4_day_resp.txt,24.0497870967742,76.0513838709677,4.15226967758517,resp,2400west4,0,436.218870967742,13.157935483871,0.830952699793952,39.9935606704814,co2,checked only linear fit,Weird flux! Both positive and negative segments identified,FALSE,day,Looks good!,Looks good!,discard
data/rawData/LI7500/LI7500_Site 3/old/3_2400_west_4_day_redo_resp.txt,23.9424305069435,76.0713799937965,-1.30701876209417,resp,2400west4,4.3463550052187,444.946464232075,14.1555949022681,0.861007791213628,103.517381192632,co2,checked only linear fit,Weird flux! Both positive and negative segments identified,TRUE,day,Looks good!,"Not good, segments are extremely variable. Suggest to discard",discard
data/rawData/LI7500/LI7500_Site 3/old/3_2400_west_3_day_resp.txt,23.2341905172414,76.0862775862069,,resp,2400west3,0,433.94025862069,16.0713112068966,,,co2,checked only linear fit,Looks good!,FALSE,day,,,
data/rawData/LI7500/LI7500_Site 3/old/3_2400_west_2_day_resp.txt,23.9954666666667,76.1440026315789,-2.70536188949798,resp,2400west2,0,441.675745614035,18.1889850877193,0.921032396679671,231.520650730634,co2,checked only linear fit,Looks good!,FALSE,day,Looks good!,Looks good!,keep
data/rawData/LI7500/LI7500_Site 3/old/3_2400_west_1_day_resp.txt,23.1161602077001,76.1759972137791,-8.71727346396898,resp,2400west1,3.79081202704702,441.698672745694,18.4369978723404,0.912458991969736,66.867230558559,co2,checked only linear fit,Weird flux! Both positive and negative segments identified,FALSE,day,Looks good!,"Not good, segments are extremely variable. Suggest to discard",discard
data/rawData/LI7500/LI7500_Site 3/3_2400_west_5_day_resp.txt,23.26799375,76.3112421875,-10.5759700221991,resp,2400west5,0,435.982890625,26.1885546875,0.839004209569329,93.1729697974036,co2,checked only linear fit,Looks good!,FALSE,day,Looks good!,Looks good!,keep
data/rawData/LI7500/LI7500_Site 3/3_2400_west_4_day_resp.txt,23.3779943681917,76.287105288671,1.2116769921195,resp,2400west4,24.6026460409248,443.61909711329,24.3391106753813,0.880095898235084,765.263870255798,co2,checked only linear fit,Weird flux! Both positive and negative segments identified,FALSE,day,Looks good!,"Not good, segments are extremely variable. Suggest to discard",discard
data/rawData/LI7500/LI7500_Site 3/3_2400_west_3_day_resp.txt,22.6512376984127,76.2693901785714,-7.39176602332118,resp,2400west3,0,426.020774305556,26.0210358630952,0.96054424988442,27.6024318832284,co2,checked only linear fit,Looks good!,FALSE,day,Looks good!,Looks good!,keep
data/rawData/LI7500/LI7500_Site 3/3_2400_west_2_day_resp.txt,22.3509640669751,76.2532778144966,-3.25746632045419,resp,2400west2,0,428.400771755893,24.0766741352721,0.830672019218131,57.3373310816332,co2,checked only linear fit,Weird flux! Both positive and negative segments identified,FALSE,day,Looks good!,Looks good!,discard
data/rawData/LI7500/LI7500_Site 3/3_2400_west_1_day_resp.txt,22.6770561055736,76.2176214586459,-3.89240451449874,resp,2400west1,0.584635776317779,417.577424925114,22.6538996116695,0.857285842660989,57.4152001926831,co2,checked only linear fit,Looks good!,FALSE,day,Looks good!,Looks good!,keep
data/rawData/LI7500/LI7500_Site 3/3_2400_east_5_night_resp.txt,9.92283949328399,76.3311725767544,-7.06065784464118,resp,2400east5,0.637280616665988,453.367562952303,16.0199908634868,0.991838154820156,-26.0399096427024,co2,checked only linear fit,Looks good!,FALSE,night,Looks good!,Looks good!,keep
data/rawData/LI7500/LI7500_Site 3/3_2400_east_5_day_resp.txt,20.029704077762,76.2862885846373,-5.79436411220552,resp,2400east5,1.89882316186196,427.550570886676,24.6583994665718,0.891599747520213,99.1065860914359,co2,checked only linear fit,Looks good!,FALSE,day,Looks good!,"Not good, segments are extremely variable. Suggest to discard",discard
data/rawData/LI7500/LI7500_Site 3/3_2400_east_4_night_resp.txt,10.3624778195977,76.3648162491888,-4.74812214854362,resp,2400east4,0.282359033199777,449.364703958469,16.4779763789747,0.980357380300502,18.2084712601833,co2,checked only linear fit,Looks good!,FALSE,night,Looks good!,Looks good!,keep
data/rawData/LI7500/LI7500_Site 3/3_2400_east_4_day_resp.txt,26.1013208763505,76.3109327531013,0.389038256380434,resp,2400east4,0,470.190324609844,30.0601795558223,0.837475377538697,65.5634989004515,co2,checked only linear fit,Weird flux! Both positive and negative segments identified,FALSE,day,Looks good!,Looks good!,discard
data/rawData/LI7500/LI7500_Site 3/3_2400_east_4_day_redo_resp.txt,26.1120752731727,76.3054028166599,-13.1861924240753,resp,2400east4,0,459.407048125766,30.1694430151082,0.985061594545989,58.1516206977802,co2,checked only linear fit,Looks good!,TRUE,day,Looks good!,Looks good!,keep
data/rawData/LI7500/LI7500_Site 3/3_2400_east_3_night_resp.txt,10.2955092701863,76.3607411141304,-5.92558179474817,resp,2400east3,1.02993711045648,454.384423486025,16.430896261646,0.980817613603694,-31.943016660739,co2,checked only linear fit,Looks good!,FALSE,night,Looks good!,Looks good!,keep
data/rawData/LI7500/LI7500_Site 3/3_2400_east_3_day_resp.txt,26.8562141325536,76.304311871345,-12.5531504978388,resp,2400east3,5.30148964808942,463.695972319688,35.222549005848,0.941892232805748,167.06391470231,co2,checked only linear fit,Looks good!,FALSE,day,Looks good!,"Not good, segments are extremely variable. Suggest to discard",discard
data/rawData/LI7500/LI7500_Site 3/3_2400_east_2_night_resp.txt,10.4295135268763,76.3558383874239,-5.87764114011829,resp,2400east2,0.880678326282765,442.507602687627,16.747719193712,0.994739271791668,-54.0369279337037,co2,checked only linear fit,Looks good!,FALSE,night,Looks good!,Looks good!,keep
data/rawData/LI7500/LI7500_Site 3/3_2400_east_2_day_resp.txt,26.7214547826087,76.2836057880435,-16.6607416823144,resp,2400east2,3.8642645982705,464.831958152174,32.4487582880435,0.984564847502888,199.539990145133,co2,checked only linear fit,Looks good!,FALSE,day,Looks good!,Looks good!,keep
data/rawData/LI7500/LI7500_Site 3/3_2400_east_1_night_resp.txt,10.6021385139319,76.3470514344685,-4.1335532833236,resp,2400east1,0.850786934683016,433.086273065015,16.908913498452,0.938504483432459,6.59899784157591,co2,checked only linear fit,Looks good!,FALSE,night,Looks good!,Looks good!,keep
data/rawData/LI7500/LI7500_Site 3/3_2400_east_1_day_resp.txt,26.0504533898305,76.2795559322034,,resp,2400east1,0,478.147262711864,32.0844127118644,,,co2,checked only linear fit,Weird flux! Both positive and negative segments identified,FALSE,day,,,discard
data/rawData/LI7500/LI7500_Site 3/3_2400_east_1_day_redo_resp.txt,26.1397985507246,76.2756368253968,-14.2597257711279,resp,2400east1,2.51706511879373,461.257761214631,30.6250757073844,0.981583101028849,140.257742542958,co2,checked only linear fit,Looks good!,TRUE,day,Looks good!,Looks good!,keep
data/rawData/LI7500/LI7500_Site 2/2_2200_west_5_night_resp.txt,13.3626091666667,78.45548,,resp,2200west5,0,453.292516666667,18.2605725,,,co2,checked only linear fit,Looks good!,FALSE,night,,,
data/rawData/LI7500/LI7500_Site 2/2_2200_west_5_day_resp.txt,26.0424842460061,78.6598122079601,-6.97072185540896,resp,2200west5,3.46962904844161,414.726286176009,30.1890442792502,0.985928053335794,49.0391940502174,co2,checked only linear fit,Looks good!,FALSE,day,Looks good!,"Not good, segments are extremely variable. Suggest to discard",discard
data/rawData/LI7500/LI7500_Site 2/2_2200_west_4_night_resp.txt,13.4001550847458,78.4501262711864,,resp,2200west4,0,456.079525423729,18.8791550847458,,,co2,checked only linear fit,Looks good!,FALSE,night,,,
data/rawData/LI7500/LI7500_Site 2/2_2200_west_4_day_resp.txt,25.1476477803081,78.6510924131242,-4.90844444709693,resp,2200west4,0.66864348555389,414.194143302969,29.2412582391476,0.89272502450276,23.7165563298659,co2,checked only linear fit,Looks good!,FALSE,day,Looks good!,Looks good!,keep
data/rawData/LI7500/LI7500_Site 2/2_2200_west_3_night_resp.txt,13.3018864016418,78.4692070158103,-5.27872514796294,resp,2200west3,0.963031834359757,439.963149420628,19.5141278276072,0.86871769233247,35.4152966421793,co2,checked only linear fit,Looks good!,FALSE,night,Looks good!,Looks good!,keep
data/rawData/LI7500/LI7500_Site 2/2_2200_west_3_day_resp.txt,25.0514445820954,78.6648987098543,-12.3209605684093,resp,2200west3,3.5993413932553,418.587397858305,30.4639745967742,0.860571003046472,120.340919859911,co2,checked only linear fit,Looks good!,FALSE,day,Looks good!,"Not good, segments are extremely variable. Suggest to discard",discard
data/rawData/LI7500/LI7500_Site 2/2_2200_west_2_night_resp.txt,13.2733945361654,78.4803309464601,-5.95946946862686,resp,2200west2,1.10925063966297,443.132445899203,19.1757728467658,0.911847679989664,47.5061867398287,co2,checked only linear fit,Looks good!,FALSE,night,Looks good!,Looks good!,keep
data/rawData/LI7500/LI7500_Site 2/2_2200_west_2_day_resp.txt,24.3519946666667,78.702352,-6.99612328329932,resp,2200west2,0,417.94952,27.3880413333333,0.981371119135335,116.212165302407,co2,checked only linear fit,Looks good!,FALSE,day,Looks good!,Looks good!,keep
data/rawData/LI7500/LI7500_Site 2/2_2200_west_1_night_resp.txt,13.1897844993716,78.4797873481357,-44.7378488581834,resp,2200west1,25.3781283308405,474.826518223712,20.9061564306661,0.902595366976313,138.457454976333,co2,checked only linear fit,Looks good!,FALSE,night,Looks good!,"Not good, segments are extremely variable. Suggest to discard",discard
data/rawData/LI7500/LI7500_Site 2/2_2200_west_1_day_resp.txt,23.2599009706775,78.6660123761375,-2.6258540335748,resp,2200west1,0.82073994241364,421.652321536906,26.9912843478261,0.90753721551369,49.8313873103871,co2,checked only linear fit,Looks good!,FALSE,day,Looks good!,"Not good, segments are extremely variable. Suggest to discard",discard
data/rawData/LI7500/LI7500_Site 2/2_2200_east_5_night_resp.txt,13.8037921219379,78.3844269362924,-2.63093905034916,resp,2200east5,0.339614194365182,433.743944281066,20.7346941896071,0.912391423867085,-25.6782050474734,co2,checked only linear fit,Looks good!,FALSE,night,Looks good!,Looks good!,keep
data/rawData/LI7500/LI7500_Site 2/2_2200_east_5_day_resp.txt,19.6292092543628,78.7798044420941,-8.14647355824396,resp,2200east5,1.77491789699031,411.585300370175,24.6302640401904,0.834655312945155,74.1962017346067,co2,checked only linear fit,Weird flux! Both positive and negative segments identified,FALSE,day,Looks good!,Looks good!,discard
data/rawData/LI7500/LI7500_Site 2/2_2200_east_4_night_resp.txt,13.7537,78.3800416666667,-3.98496884200448,resp,2200east4,0,430.898694444444,20.5738722222222,0.874518727464489,36.0128010428307,co2,checked only linear fit,Weird flux! Both positive and negative segments identified,FALSE,night,Looks good!,Looks good!,discard
data/rawData/LI7500/LI7500_Site 2/2_2200_east_4_day_resp.txt,19.9589157081153,78.7724034151194,-7.85420373070302,resp,2200east4,1.31308399710971,402.111588245573,26.3627370998817,0.91205226258601,57.4744140228712,co2,checked only linear fit,Looks good!,FALSE,day,Looks good!,Looks good!,keep
data/rawData/LI7500/LI7500_Site 2/2_2200_east_3_night_resp.txt,13.6095856754842,78.3847726735947,-2.98482651414284,resp,2200east3,0.36054550174471,436.019288379783,18.8782676310817,0.96852759393153,-2.75268281368183,co2,checked only linear fit,Looks good!,FALSE,night,Looks good!,Looks good!,keep
data/rawData/LI7500/LI7500_Site 2/2_2200_east_3_day_resp.txt,20.1617517078586,78.772850743076,-10.4877693332625,resp,2200east3,0.893591995148245,415.304753746562,24.7872548410634,0.946451997204085,77.0411007493291,co2,checked only linear fit,Looks good!,FALSE,day,Looks good!,Looks good!,keep
data/rawData/LI7500/LI7500_Site 2/2_2200_east_2_night_resp.txt,13.5875368991915,78.3951689298447,7.97732989289167,resp,2200east2,1.07064752776576,460.711238039534,20.9211500413802,0.989824699957268,2.25831183169697,co2,checked only linear fit,Looks good!,FALSE,night,Looks good!,Looks good!,keep
data/rawData/LI7500/LI7500_Site 2/2_2200_east_2_night_redo_resp.txt,13.575829479884,78.4001918406428,-3.116911699602,resp,2200east2,0,436.07258077806,18.9093405479038,0.969597103525381,-23.5316265687712,co2,checked only linear fit,Looks good!,TRUE,night,Looks good!,Looks good!,keep
data/rawData/LI7500/LI7500_Site 2/2_2200_east_2_day_resp.txt,23.1618868347953,78.7724170151072,-10.2758500216553,resp,2200east2,2.05284752559911,409.952990143762,28.8866956170809,0.963513243855234,50.7364220425193,co2,checked only linear fit,Looks good!,FALSE,day,Looks good!,Looks good!,keep
data/rawData/LI7500/LI7500_Site 2/2_2200_east_1_night_resp.txt,13.4870061092815,78.4112779055076,4.49376617962236,resp,2200east1,0.30421963227431,465.700930891278,21.5253362683568,0.967567510706253,-6.57374339713096,co2,checked only linear fit,Looks good!,FALSE,night,Looks good!,Looks good!,keep
data/rawData/LI7500/LI7500_Site 2/2_2200_east_1_night_redo_resp.txt,13.4874893038045,78.4054149640749,-2.84550701762068,resp,2200east1,0,440.630412910859,20.757586907975,0.892588106122867,-0.962265615460785,co2,checked only linear fit,Looks good!,TRUE,night,Looks good!,Looks good!,keep
data/rawData/LI7500/LI7500_Site 2/2_2200_east_1_day_resp.txt,21.9134415808491,78.7589963911472,-9.07021353701853,resp,2200east1,0.0747107508496235,412.47571630533,27.6003380171635,0.964857633588862,72.2057177222145,co2,checked only linear fit,Looks good!,FALSE,day,Looks good!,Looks good!,keep
data/rawData/LI7500/LI7500_Site 1/old/1_2000_west_4_night_resp.txt,16.4980865207373,80.2591701996928,-1.66446480473778,resp,2000west4,2.31475832804043,425.625673963134,18.876825921659,0.910338116253169,5.74754265172044,co2,checked only linear fit,Weird flux! Both positive and negative segments identified,FALSE,night,Looks good!,"Not good, segments are extremely variable. Suggest to discard",discard
data/rawData/LI7500/LI7500_Site 1/old/1_2000_west_4_day_resp.txt,31.4316211818182,80.1358566969697,-5.22288444078672,resp,2000west4,0,423.747651969697,15.463412469697,0.961874824879053,76.2067084518931,co2,checked only linear fit,Looks good!,FALSE,day,Looks good!,Looks good!,keep
data/rawData/LI7500/LI7500_Site 1/old/1_2000_west_3_night_resp.txt,16.313629375,80.2594590384616,-4.33895022104163,resp,2000west3,1.08918285053536,424.708716346154,18.369808125,0.945958648037193,-18.3093189134069,co2,checked only linear fit,Weird flux! Both positive and negative segments identified,FALSE,night,Looks good!,"Not good, segments are extremely variable. Suggest to discard",discard
data/rawData/LI7500/LI7500_Site 1/old/1_2000_west_3_day_resp.txt,31.7947729344729,80.1459733031674,-7.47726458758312,resp,2000west3,2.63730910397564,428.502614211497,15.9555936651584,0.933154248036707,107.284037676215,co2,checked only linear fit,Looks good!,FALSE,day,Looks good!,"Not good, segments are extremely variable. Suggest to discard",discard
data/rawData/LI7500/LI7500_Site 1/old/1_2000_west_2_night_resp.txt,16.2047884884282,80.2806722275796,-5.8463399261623,resp,2000west2,1.0645224958223,433.049650072324,18.7607171528447,0.94950228080327,87.2163596597878,co2,checked only linear fit,Looks good!,FALSE,night,Looks good!,Looks good!,keep
data/rawData/LI7500/LI7500_Site 1/old/1_2000_west_2_day_resp.txt,31.3214560010593,80.129595190678,-3.51635026497399,resp,2000west2,0.684194065653985,425.116939141949,14.7439155084746,0.921309423482915,14.7917846926938,co2,checked only linear fit,Looks good!,FALSE,day,Looks good!,Looks good!,keep
data/rawData/LI7500/LI7500_Site 1/old/1_2000_west_1_night_resp.txt,16.1638924231169,80.2907693061952,-2.5956595569983,resp,2000west1,0.569273752504642,422.501277819046,17.9320444807607,0.948923584624462,0.831323697759164,co2,checked only linear fit,Looks good!,FALSE,night,Looks good!,Looks good!,keep
data/rawData/LI7500/LI7500_Site 1/old/1_2000_west_1_day_redo2_resp.txt,30.5629876948821,80.1237112008549,-4.78136311796805,resp,2000west1,0.694685233236179,424.064007795285,15.5410641110393,0.96645539447499,-1.7601149398561,co2,checked only linear fit,Looks good!,TRUE,day,Looks good!,Looks good!,keep
data/rawData/LI7500/LI7500_Site 1/old/1_2000_east_5_night_resp.txt,15.8502655172414,80.403275862069,-3.23942832751006,resp,2000east5,0,423.464862068966,17.2157724137931,0.84769354009529,11.0762486564183,co2,checked only linear fit,Looks good!,FALSE,night,Looks good!,Looks good!,keep
data/rawData/LI7500/LI7500_Site 1/old/1_2000_east_3_night_resp.txt,15.8829476190476,80.4053476190476,-3.67068188440642,resp,2000east3,0,420.858738095238,17.50295,0.981106351064937,-38.8006192320126,co2,checked only linear fit,Weird flux! Both positive and negative segments identified,FALSE,night,Looks good!,Looks good!,discard
data/rawData/LI7500/LI7500_Site 1/old/1_2000_east_3_day_resp.txt,32.0134175711477,80.1809087634964,-5.00571815379503,resp,2000east3,0,431.596560108971,18.4208593816649,0.870564412859985,34.2686966204669,co2,checked only linear fit,Looks good!,FALSE,day,Looks good!,Looks good!,keep
data/rawData/LI7500/LI7500_Site 1/old/1_2000_east_2_night_resp.txt,16.0053787234043,80.3875276595745,-2.16699378751885,resp,2000east2,0,418.875893617021,17.1042574468085,0.969576867128179,-60.0911892645398,co2,checked only linear fit,Looks good!,FALSE,night,Looks good!,Looks good!,keep
data/rawData/LI7500/LI7500_Site 1/old/1_2000_east_2_day_resp.txt,31.5831588235294,80.169237254902,-5.31069219694219,resp,2000east2,0,423.881509803922,16.6176862745098,0.926483825719759,86.995128420958,co2,checked only linear fit,Weird flux! Both positive and negative segments identified,FALSE,day,Looks good!,Looks good!,discard
data/rawData/LI7500/LI7500_Site 1/old/1_2000_east_2_day_redo_resp.txt,31.9093881772677,80.1850927874406,-7.0142988877987,resp,2000east2,0.261449311707976,430.221452260087,18.1385322525028,0.8787559224166,87.6584654802494,co2,checked only linear fit,Looks good!,TRUE,day,Looks good!,Looks good!,keep
data/rawData/LI7500/LI7500_Site 1/old/1_2000_east_1_night_resp.txt,15.9353699055862,80.3770864280095,-1.38901609096878,resp,2000east1,1.97711188908573,422.534497639654,17.5192448072384,0.870491208597709,0.738256892202158,co2,checked only linear fit,Weird flux! Both positive and negative segments identified,FALSE,night,Looks good!,"Not good, segments are extremely variable. Suggest to discard",discard
data/rawData/LI7500/LI7500_Site 1/old/1_2000_east_1_day_resp.txt,32.3016209777228,80.1802095133227,-13.8166747903674,resp,2000east1,1.61690291817697,441.107116555038,22.9973257553145,0.978328133905246,44.5763770718431,co2,checked only linear fit,Looks good!,FALSE,day,Looks good!,Looks good!,keep
data/rawData/LI7500/LI7500_Site 1/1_2000_west_5_night_resp.txt,10.9123115139752,79.9329245885093,-3.23686960889167,resp,2000west5,0.20435536536902,434.260579658385,15.6844331909938,0.936418049252536,-10.9978261908214,co2,checked only linear fit,Looks good!,FALSE,night,Looks good!,Looks good!,keep
data/rawData/LI7500/LI7500_Site 1/1_2000_west_5_day_resp.txt,19.3988346726637,79.9823806496752,-4.50534763400896,resp,2000west5,0.132804042205511,411.846644977511,23.3176731234383,0.959575713033757,54.9534394767684,co2,checked only linear fit,Looks good!,FALSE,day,Looks good!,Looks good!,keep
data/rawData/LI7500/LI7500_Site 1/1_2000_west_4_night_resp.txt,10.9285251114242,79.9369273753415,-10.2823399840452,resp,2000west4,1.4609988676593,451.9367671875,15.740125995987,0.98580881844241,19.8670103344851,co2,checked only linear fit,Looks good!,FALSE,night,Looks good!,Looks good!,keep
data/rawData/LI7500/LI7500_Site 1/1_2000_west_4_day_resp.txt,20.1685546233308,79.9927825648778,-4.20941154963187,resp,2000west4,0.798166145211098,413.539785588309,24.2468103804485,0.947795779225032,6.141541315233,co2,checked only linear fit,Looks good!,FALSE,day,Looks good!,Looks good!,keep
data/rawData/LI7500/LI7500_Site 1/1_2000_west_3_night_resp.txt,10.7006835190142,79.9504383803184,-5.13600710859918,resp,2000west3,0.750915542426294,434.471316706062,15.8871659308954,0.988118825831017,-35.6146316650467,co2,checked only linear fit,Looks good!,FALSE,night,Looks good!,Looks good!,keep
data/rawData/LI7500/LI7500_Site 1/1_2000_west_3_day_resp.txt,20.0342452574526,79.9830732158988,-3.47770517747805,resp,2000west3,0.135823993773632,409.851987804878,24.3615655600723,0.943106137705123,4.46651082330812,co2,checked only linear fit,Looks good!,FALSE,day,Looks good!,Looks good!,keep
data/rawData/LI7500/LI7500_Site 1/1_2000_west_2_night_resp.txt,10.6988396584699,79.9361665300547,-6.95598119974206,resp,2000west2,1.45943029890527,450.847723907104,16.0694102459016,0.987393449388202,27.4692687983483,co2,checked only linear fit,Looks good!,FALSE,night,Looks good!,Looks good!,keep
data/rawData/LI7500/LI7500_Site 1/1_2000_west_2_day_resp.txt,20.6138064911386,79.9919890290705,-4.89471800890437,resp,2000west2,0.518037275395023,410.609273250032,24.4798256381487,0.865670345692624,46.1099690358212,co2,checked only linear fit,Looks good!,FALSE,day,Looks good!,Looks good!,keep
data/rawData/LI7500/LI7500_Site 1/1_2000_west_1_night_resp.txt,10.5355394783378,79.9183629365606,-3.53177049950809,resp,2000west1,0.309178227528537,428.273248563218,16.0863536527409,0.981126880048441,-50.8486769191337,co2,checked only linear fit,Looks good!,FALSE,night,Looks good!,Looks good!,keep
data/rawData/LI7500/LI7500_Site 1/1_2000_west_1_day_resp.txt,20.41342,80.0033085714286,-13.7182950788441,resp,2000west1,0,409.067657142857,25.2401171428572,0.96266863203375,74.1184983866777,co2,checked only linear fit,Looks good!,FALSE,day,Looks good!,Looks good!,keep
data/rawData/LI7500/LI7500_Site 1/1_2000_east_5_night_resp.txt,9.4792768865531,79.9881969191736,-5.26198167548787,resp,2000east5,0.665543344300458,425.639923885466,15.0222713664371,0.87488383094265,30.6171009288088,co2,checked only linear fit,Looks good!,FALSE,night,Looks good!,Looks good!,keep
data/rawData/LI7500/LI7500_Site 1/1_2000_east_5_day_resp.txt,25.0581492537313,80.1336552238806,-8.19746219658773,resp,2000east5,0,409.928985074627,30.4530328358209,0.973081015735997,133.708315639846,co2,checked only linear fit,Looks good!,FALSE,day,Looks good!,Looks good!,keep
data/rawData/LI7500/LI7500_Site 1/1_2000_east_4_night_resp.txt,9.40274500158291,79.9818914281192,-4.86095695854907,resp,2000east4,0.623227863980274,432.888229547121,14.8764550419888,0.974740424324392,-31.8619871281146,co2,checked only linear fit,Looks good!,FALSE,night,Looks good!,Looks good!,keep
data/rawData/LI7500/LI7500_Site 1/1_2000_east_4_day_resp.txt,24.7364068181818,80.1266840909091,-9.89573399578711,resp,2000east4,0,409.552,29.8058272727273,0.952242278950992,95.5102784997109,co2,checked only linear fit,Looks good!,FALSE,day,Looks good!,Looks good!,keep
data/rawData/LI7500/LI7500_Site 1/1_2000_east_3_night_resp.txt,9.49041098425267,79.9780192092221,-6.8814765055022,resp,2000east3,0.889020779159933,430.335581537743,14.8271559263449,0.982080877669368,0.599664301653497,co2,checked only linear fit,Looks good!,FALSE,night,Looks good!,Looks good!,keep
data/rawData/LI7500/LI7500_Site 1/1_2000_east_3_day_resp.txt,25.005686110274,80.1274396456124,-7.15464577727919,resp,2000east3,1.22886864396013,414.358818441619,31.5453589310109,0.964325500541832,24.9183539843345,co2,checked only linear fit,Looks good!,FALSE,day,Looks good!,Looks good!,keep
data/rawData/LI7500/LI7500_Site 1/1_2000_east_2_night_redo_resp.txt,9.53262750106444,79.9802343023827,-6.41369365048212,resp,2000east2,0.194799413186285,438.8253784451,14.7769567804798,0.987837075843192,-15.4504877184332,co2,checked only linear fit,Looks good!,TRUE,night,Looks good!,Looks good!,keep
data/rawData/LI7500/LI7500_Site 1/1_2000_east_2_day_resp.txt,23.8994882352941,80.1172745098039,-7.26189614061978,resp,2000east2,0,407.102921568627,29.1942549019608,0.991434830110026,3.27866480151633,co2,checked only linear fit,Weird flux! Both positive and negative segments identified,FALSE,day,Looks good!,Looks good!,discard
data/rawData/LI7500/LI7500_Site 1/1_2000_east_1_night_redo_resp.txt,9.82005380885775,79.9725277673706,-1.72029445796985,resp,2000east1,0,452.31125629946,15.2693332001216,0.872690499266715,-28.0110365582995,co2,checked only linear fit,Weird flux! Both positive and negative segments identified,TRUE,night,Looks good!,Looks good!,discard
data/rawData/LI7500/LI7500_Site 5/5_2800_west_5_day_photo.txt,18.8194678372726,73.0145415042235,0.827946850171164,photo,2800west5,0.850953200725444,402.480000446719,16.4405252497563,0.934449843229749,-26.3628964370066,co2,checked only linear fit,Weird flux! Both positive and negative segments identified,FALSE,day,Looks good!,"Not good, segments are extremely variable. Suggest to discard",discard
data/rawData/LI7500/LI7500_Site 5/5_2800_west_4_day_redo_photo.txt,20.1678714285714,72.9874114285714,-6.8598166773213,photo,2800west4,0,410.125057142857,14.5637685714286,0.960826220504898,33.7242481255022,co2,checked only linear fit,Looks good!,TRUE,day,Looks good!,Looks good!,keep
data/rawData/LI7500/LI7500_Site 5/5_2800_west_3_day_redo_photo.txt,20.7986953488372,72.9927744186047,1.05413453339507,photo,2800west3,0,408.521895348837,18.4099953488372,0.91455675777485,-21.6723519591791,co2,checked only linear fit,Looks good!,TRUE,day,Looks good!,Looks good!,keep
data/rawData/LI7500/LI7500_Site 5/5_2800_west_3_day_photo.txt,21.3373655858586,72.9935225858586,-2.84154040029707,photo,2800west3,0,414.827333737374,18.527683989899,0.930245837981665,-19.3369763257859,co2,checked only linear fit,Weird flux! Both positive and negative segments identified,FALSE,day,Looks good!,Looks good!,discard
data/rawData/LI7500/LI7500_Site 5/5_2800_west_2_day_redo_photo.txt,21.9848180955941,72.9712505467504,-2.95994158798121,photo,2800west2,1.52915423035715,412.942359813597,19.0840727417265,0.924348985433503,-25.2858138354329,co2,checked only linear fit,Weird flux! Both positive and negative segments identified,TRUE,day,Looks good!,"Not good, segments are extremely variable. Suggest to discard",discard
data/rawData/LI7500/LI7500_Site 5/5_2800_west_2_day_photo.txt,21.7822561437075,72.9729740858844,-4.69769341667893,photo,2800west2,1.57658284329964,413.08815710034,17.5581901360544,0.957374358870947,-16.4447126869386,co2,checked only linear fit,Weird flux! Both positive and negative segments identified,FALSE,day,Looks good!,"Not good, segments are extremely variable. Suggest to discard",discard
data/rawData/LI7500/LI7500_Site 5/5_2800_west_1_day_photo.txt,20.2442625,72.9739916666667,2.83417537802986,photo,2800west1,0,400.290791666667,17.5077166666667,0.908682284107716,32.8499624720265,co2,checked only linear fit,Looks good!,FALSE,day,Looks good!,Looks good!,keep
data/rawData/LI7500/LI7500_Site 5/5_2800_east_5_day_redo_photo.txt,18.7768242424242,73.1318454545455,3.39557012568657,photo,2800east5,0,419.816575757576,14.6129515151515,0.960468545393503,-18.2906305984764,co2,checked only linear fit,Weird flux! Both positive and negative segments identified,TRUE,day,Looks good!,Looks good!,discard
data/rawData/LI7500/LI7500_Site 5/5_2800_east_5_day_photo.txt,19.7242107645317,73.1237029995325,-2.92708319880396,photo,2800east5,2.04296582237304,425.034367586099,19.0440191422783,0.967027942027657,12.2872977314786,co2,checked only linear fit,Weird flux! Both positive and negative segments identified,FALSE,day,Looks good!,"Not good, segments are extremely variable. Suggest to discard",discard
data/rawData/LI7500/LI7500_Site 5/5_2800_east_4_day_photo.txt,22.2353040697674,73.1265145348837,,photo,2800east4,0,437.851843023256,16.3489453488372,,,co2,checked only linear fit,Weird flux! Both positive and negative segments identified,FALSE,day,,,discard
data/rawData/LI7500/LI7500_Site 5/5_2800_east_3_day_photo.txt,22.9883210526316,73.115049122807,,photo,2800east3,0,415.762710526316,19.0694385964912,,,co2,checked only linear fit,Weird flux! Both positive and negative segments identified,FALSE,day,,,discard
data/rawData/LI7500/LI7500_Site 5/5_2800_east_2_day_photo.txt,23.3551123181531,73.1175859977862,-1.77109102323543,photo,2800east2,0,411.469811195446,20.675746070525,0.825539947001392,3.80339559345594,co2,checked only linear fit,Weird flux! Both positive and negative segments identified,FALSE,day,Looks good!,Looks good!,discard
data/rawData/LI7500/LI7500_Site 5/5_2800_east_1_day_photo.txt,23.1798,73.1307258064516,-2.34489450554593,photo,2800east1,0,428.548161290323,18.476564516129,0.889201640471801,-8.38469924533417,co2,checked only linear fit,Looks good!,FALSE,day,Looks good!,Looks good!,keep
data/rawData/LI7500/LI7500_Site 4/4_2600_west_5_day_photo.txt,18.2148,74.8658137931035,6.30438553793564,photo,2600west5,0,391.539620689655,21.0333137931035,0.970233546073671,3.04844258168274,co2,checked only linear fit,Weird flux! Both positive and negative segments identified,FALSE,day,Looks good!,Looks good!,discard
data/rawData/LI7500/LI7500_Site 4/4_2600_west_4_day_photo.txt,17.3624098048153,74.8546869635344,3.93113967439212,photo,2600west4,0.891104070857286,387.1209628331,21.6153553617345,0.874620718017283,21.1392059604567,co2,checked only linear fit,Looks good!,FALSE,day,Looks good!,Looks good!,keep
data/rawData/LI7500/LI7500_Site 4/4_2600_west_3_day_photo.txt,16.5355180882353,74.8426285661765,3.99185247546409,photo,2600west3,0.66146818294061,394.785695955882,19.3678091544118,0.977252202428237,-22.6923700690866,co2,checked only linear fit,Looks good!,FALSE,day,Looks good!,Looks good!,keep
data/rawData/LI7500/LI7500_Site 4/4_2600_west_2_day_photo.txt,14.9803716981132,74.8418301886792,3.76514559097729,photo,2600west2,0,391.54558490566,19.5867188679245,0.883593640251014,86.0135422592913,co2,checked only linear fit,Weird flux! Both positive and negative segments identified,FALSE,day,Looks good!,Looks good!,discard
data/rawData/LI7500/LI7500_Site 4/4_2600_west_1_day_photo.txt,14.3121857538186,74.8312544656665,2.30144996514992,photo,2600west1,0.247032733430425,394.082339157329,19.6782305461353,0.821130320913511,15.1911895732635,co2,checked only linear fit,Looks good!,FALSE,day,Looks good!,Looks good!,keep
data/rawData/LI7500/LI7500_Site 4/4_2600_east_5_day_redo_photo.txt,23.0383875,74.911603125,6.61791276889653,photo,2600east5,0,397.24084375,34.471315625,0.788829529996519,82.4886612107414,co2,checked only linear fit,Weird flux! Both positive and negative segments identified,TRUE,day,Looks good!,Looks good!,discard
data/rawData/LI7500/LI7500_Site 4/4_2600_east_5_day_photo.txt,20.6131915830374,74.9046288859726,-3.08434547208614,photo,2600east5,2.04414509195732,398.187223285815,29.2073921337039,0.884945928614892,64.2560381519772,co2,checked only linear fit,Weird flux! Both positive and negative segments identified,FALSE,day,Looks good!,"Not good, segments are extremely variable. Suggest to discard",discard
data/rawData/LI7500/LI7500_Site 4/4_2600_east_4_day_photo.txt,22.941452631579,74.9109210526316,5.13706390742119,photo,2600east4,0,406.328947368421,30.5736684210526,0.744667873220116,100.032280544735,co2,checked only linear fit,Looks good!,FALSE,day,"Be careful, R2 is suspiciously low",Looks good!,discard
data/rawData/LI7500/LI7500_Site 4/4_2600_east_3_day_redo_photo.txt,23.9843215189873,74.9241071481757,5.62572403582294,photo,2600east3,0.619463544042455,405.460674857285,27.2179527674361,0.974453592522807,20.0741351535524,co2,checked only linear fit,Looks good!,TRUE,day,Looks good!,Looks good!,keep
data/rawData/LI7500/LI7500_Site 4/4_2600_east_3_day_photo.txt,23.8108,74.9279932916667,-7.5568963458071,photo,2600east3,0,397.279676666667,28.368642875,0.876366849221811,79.9877158300349,co2,checked only linear fit,Weird flux! Both positive and negative segments identified,FALSE,day,Looks good!,Looks good!,discard
data/rawData/LI7500/LI7500_Site 4/4_2600_east_2_day_redo2_photo.txt,23.563349137931,74.8937137931035,,photo,2600east2,0,417.985629310345,27.0240146551724,,,co2,checked only linear fit,Weird flux! Both positive and negative segments identified,TRUE,day,,,discard
data/rawData/LI7500/LI7500_Site 4/4_2600_east_2_day_redo_photo.txt,22.6678008133153,74.8947405434098,-3.1934618346143,photo,2600east2,1.30613166229574,419.610746441745,25.7563699910031,0.920141173163854,-14.0594633472773,co2,checked only linear fit,Weird flux! Both positive and negative segments identified,TRUE,day,Looks good!,"Not good, segments are extremely variable. Suggest to discard",discard
data/rawData/LI7500/LI7500_Site 4/4_2600_east_2_day_photo.txt,22.372979752322,74.8957973993808,-4.37383821094377,photo,2600east2,0,427.50973869969,26.3315199793602,0.971143685466153,-13.0396173316614,co2,checked only linear fit,Looks good!,FALSE,day,Looks good!,Looks good!,keep
data/rawData/LI7500/LI7500_Site 4/4_2600_east_1_day_photo.txt,22.8994042467949,74.9031665598291,4.74761241210605,photo,2600east1,1.15079746278991,413.626762286325,26.8050861912393,0.940934726739091,120.793900837513,co2,checked only linear fit,Looks good!,FALSE,day,Looks good!,Looks good!,keep
data/rawData/LI7500/LI7500_Site 3/old/3_2400_west_5_day_photo.txt,24.0617245806369,76.0795840754693,-8.4166744267019,photo,2400west5,22.7217766853591,475.212176993786,14.9812377273898,0.79938627189629,298.991885727725,co2,checked only linear fit,Weird flux! Both positive and negative segments identified,FALSE,day,Looks good!,"Not good, segments are extremely variable. Suggest to discard",discard
data/rawData/LI7500/LI7500_Site 3/old/3_2400_west_4_day_photo.txt,24.0438327272727,76.0855636363636,1.51650294701297,photo,2400west4,0,423.904636363636,19.5215545454545,0.844933171377371,12.9039819839415,co2,checked only linear fit,Weird flux! Both positive and negative segments identified,FALSE,day,Looks good!,Looks good!,discard
data/rawData/LI7500/LI7500_Site 3/old/3_2400_west_3_day_photo.txt,22.7746811565696,76.1409161683714,0.477413111548576,photo,2400west3,1.88736036935485,426.385898505114,17.9496787568843,0.783082043112872,45.3458510404887,co2,checked only linear fit,Weird flux! Both positive and negative segments identified,FALSE,day,Looks good!,"Not good, segments are extremely variable. Suggest to discard",discard
data/rawData/LI7500/LI7500_Site 3/old/3_2400_west_2_day_photo.txt,23.7702641025641,76.1486247863248,,photo,2400west2,0,436.784452991453,20.789152991453,,,co2,checked only linear fit,Weird flux! Both positive and negative segments identified,FALSE,day,,,discard
data/rawData/LI7500/LI7500_Site 3/old/3_2400_west_1_day_photo.txt,22.4894982758621,76.1584362068966,,photo,2400west1,0,427.514594827586,20.8749448275862,,,co2,checked only linear fit,Weird flux! Both positive and negative segments identified,FALSE,day,,,discard
data/rawData/LI7500/LI7500_Site 3/3_2400_west_5_day_redo_photo.txt,22.3961915584416,76.3289128342246,-0.30566539902236,photo,2400west5,1.26693470258907,409.409016806723,22.9998109625668,0.835848522317497,1.59662204543516,co2,checked only linear fit,Weird flux! Both positive and negative segments identified,TRUE,day,Looks good!,"Not good, segments are extremely variable. Suggest to discard",discard
data/rawData/LI7500/LI7500_Site 3/3_2400_west_5_day_photo.txt,22.7279205019442,76.3229159773772,-8.60596655312758,photo,2400west5,3.55379242519455,410.726576882291,25.5310887239307,0.948848076237355,31.6936919417121,co2,checked only linear fit,Looks good!,FALSE,day,Looks good!,"Not good, segments are extremely variable. Suggest to discard",discard
data/rawData/LI7500/LI7500_Site 3/3_2400_west_4_day_photo.txt,23.0806413793103,76.2811634482759,,photo,2400west4,0,403.82355862069,27.1349131034483,,,co2,checked only linear fit,Looks good!,FALSE,day,,,
data/rawData/LI7500/LI7500_Site 3/3_2400_west_3_day_photo.txt,22.6271980769231,76.2840076923077,3.17682442417697,photo,2400west3,0,407.023538461539,27.5834730769231,0.951747784295891,15.933884642407,co2,checked only linear fit,Looks good!,FALSE,day,Looks good!,Looks good!,keep
data/rawData/LI7500/LI7500_Site 3/3_2400_west_2_day_redo_photo.txt,23.0226058823529,76.2437911764706,-2.80743623858167,photo,2400west2,0,411.049764705882,26.2839117647059,0.823622335315474,24.2938307650477,co2,checked only linear fit,Looks good!,TRUE,day,Looks good!,Looks good!,keep
data/rawData/LI7500/LI7500_Site 3/3_2400_west_2_day_photo.txt,22.263684604434,76.2377087372818,0.149817781706301,photo,2400west2,1.03912839369635,413.594992889351,25.1759542895132,0.861911123181009,-12.9716177730277,co2,checked only linear fit,Weird flux! Both positive and negative segments identified,FALSE,day,Looks good!,"Not good, segments are extremely variable. Suggest to discard",discard
data/rawData/LI7500/LI7500_Site 3/3_2400_west_1_day_redo_photo.txt,22.5777540004271,76.2320578602822,-1.88920438469866,photo,2400west1,0,411.490321671204,27.0708570342889,0.97778275291438,69.6819232004867,co2,checked only linear fit,Weird flux! Both positive and negative segments identified,TRUE,day,Looks good!,Looks good!,discard
data/rawData/LI7500/LI7500_Site 3/3_2400_west_1_day_photo.txt,22.0919106767984,76.2305845202634,-1.43783248433894,photo,2400west1,0,414.13144627153,24.2774355759878,0.963058386564837,10.1895531054693,co2,checked only linear fit,Weird flux! Both positive and negative segments identified,FALSE,day,Looks good!,Looks good!,discard
data/rawData/LI7500/LI7500_Site 3/3_2400_east_5_day_photo.txt,25.1249982608696,76.2917330434783,,photo,2400east5,0,439.646208695652,33.5072356521739,,,co2,checked only linear fit,Looks good!,FALSE,day,,,
data/rawData/LI7500/LI7500_Site 3/3_2400_east_4_day_photo.txt,24.6389674011099,76.304892609533,-55.4575806254121,photo,2400east4,0,482.973379811469,34.3604662696703,0.959598386446933,178.075442733871,co2,checked only linear fit,Weird flux! Both positive and negative segments identified,FALSE,day,Looks good!,Looks good!,discard
data/rawData/LI7500/LI7500_Site 3/3_2400_east_3_day_photo.txt,22.7374035336539,76.2955643509616,-0.191839980255405,photo,2400east3,6.33062105632234,424.651025961539,29.7349667307692,0.851726461570246,140.066050638518,co2,checked only linear fit,Weird flux! Both positive and negative segments identified,FALSE,day,Looks good!,"Not good, segments are extremely variable. Suggest to discard",discard
data/rawData/LI7500/LI7500_Site 3/3_2400_east_2_day_redo_photo.txt,22.2565841555977,76.305645113852,8.71648273795437,photo,2400east2,0.915530249991134,438.21515227704,27.9175984819734,0.854903555133093,93.5943915926684,co2,checked only linear fit,Weird flux! Both positive and negative segments identified,TRUE,day,Looks good!,Looks good!,discard
data/rawData/LI7500/LI7500_Site 3/3_2400_east_1_day_photo.txt,21.979864516129,76.3011161290323,13.3638332319864,photo,2400east1,0,450.288096774194,31.6007161290323,0.962123497539571,60.9136437975889,co2,checked only linear fit,Looks good!,FALSE,day,Looks good!,Looks good!,keep
data/rawData/LI7500/LI7500_Site 2/2_2200_west_5_day_photo.txt,23.4004887375887,78.6843617872341,5.5381544695921,photo,2200west5,0.213227170450127,389.851272624114,28.7874036312057,0.976432260371737,-2.60941046580266,co2,checked only linear fit,Looks good!,FALSE,day,Looks good!,Looks good!,keep
data/rawData/LI7500/LI7500_Site 2/2_2200_west_4_day_photo.txt,24.3282962059621,78.6938329494128,8.1831684142312,photo,2200west4,0.0886820802723183,395.00455736224,29.1607902213189,0.961406375254107,69.1620521407499,co2,checked only linear fit,Looks good!,FALSE,day,Looks good!,Looks good!,keep
data/rawData/LI7500/LI7500_Site 2/2_2200_west_3_day_photo.txt,26.117136091954,78.6987697651174,6.25528693539364,photo,2200west3,1.45363795944503,387.775208995502,35.414947816092,0.928672822669989,138.363668961404,co2,checked only linear fit,Looks good!,FALSE,day,Looks good!,Looks good!,keep
data/rawData/LI7500/LI7500_Site 2/2_2200_west_2_day_photo.txt,22.9011731831473,78.6827683054227,5.04258967703463,photo,2200west2,1.36209361301224,391.164956439394,27.4599761450027,0.895670227398405,20.8998985261902,co2,checked only linear fit,Looks good!,FALSE,day,Looks good!,"Not good, segments are extremely variable. Suggest to discard",discard
data/rawData/LI7500/LI7500_Site 2/2_2200_west_1_day_redo_photo.txt,24.6367635961384,78.6670634620542,6.48904413081078,photo,2200west1,0.666593766766198,392.322676493123,29.9648780322185,0.945286591013056,38.8009140575579,co2,checked only linear fit,Looks good!,TRUE,day,Looks good!,Looks good!,keep
data/rawData/LI7500/LI7500_Site 2/2_2200_west_1_day_photo.txt,23.8797762162162,78.674424948025,-3.4303000780111,photo,2200west1,7.64757378288381,388.023987941788,30.9179301455302,0.933883010764115,63.8116141161426,co2,checked only linear fit,Weird flux! Both positive and negative segments identified,FALSE,day,Looks good!,"Not good, segments are extremely variable. Suggest to discard",discard
data/rawData/LI7500/LI7500_Site 2/2_2200_east_5_day_redo2_photo.txt,21.3372586206897,78.738524137931,13.5123675671353,photo,2200east5,0,391.849275862069,22.8647,0.963413278298676,51.1457065613975,co2,checked only linear fit,Weird flux! Both positive and negative segments identified,TRUE,day,Looks good!,Looks good!,discard
data/rawData/LI7500/LI7500_Site 2/2_2200_east_5_day_redo_photo.txt,19.4421359357061,78.7713067738232,1.90493376222558,photo,2200east5,0,388.912929200153,25.53475713739,0.821984973984196,-23.9021933484235,co2,checked only linear fit,Weird flux! Both positive and negative segments identified,TRUE,day,Looks good!,Looks good!,discard
data/rawData/LI7500/LI7500_Site 2/2_2200_east_5_day_photo.txt,19.1667022727273,78.7873,18.5430850823677,photo,2200east5,0,374.615704545455,26.4199181818182,0.97183211130521,126.470002763406,co2,checked only linear fit,Looks good!,FALSE,day,Looks good!,Looks good!,keep
data/rawData/LI7500/LI7500_Site 2/2_2200_east_4_day_photo.txt,20.382254602466,78.761957557398,7.23692358623714,photo,2200east4,0.955104427306782,378.684128082483,27.2332745429422,0.976843593494259,84.2569375965669,co2,checked only linear fit,Looks good!,FALSE,day,Looks good!,Looks good!,keep
data/rawData/LI7500/LI7500_Site 2/2_2200_east_3_day_photo.txt,21.7248505502846,78.7688521062619,15.0002106873847,photo,2200east3,3.67786883082979,370.27340113852,29.6164785578748,0.963901730026701,115.605019236013,co2,checked only linear fit,Looks good!,FALSE,day,Looks good!,Looks good!,keep
data/rawData/LI7500/LI7500_Site 2/2_2200_east_2_day_photo.txt,22.706425423497,78.7763535276763,13.6628343909871,photo,2200east2,1.5819672167509,379.621857368946,30.7627524348228,0.954004000186092,62.0103016686288,co2,checked only linear fit,Looks good!,FALSE,day,Looks good!,Looks good!,keep
data/rawData/LI7500/LI7500_Site 2/2_2200_east_1_day_photo.txt,20.4027536911281,78.7613431544359,9.57391930428558,photo,2200east1,0.389935361483811,373.752077108434,26.5663576560789,0.942844465776116,105.402130114233,co2,checked only linear fit,Looks good!,FALSE,day,Looks good!,Looks good!,keep
data/rawData/LI7500/LI7500_Site 1/old/1_2000_west_4_day_photo.txt,30.2717013888889,80.1458347222222,-1.88666499413337,photo,2000west4,0,411.898541666667,15.910925,0.940441805296502,4.17428125359339,co2,checked only linear fit,Looks good!,FALSE,day,Looks good!,Looks good!,keep
data/rawData/LI7500/LI7500_Site 1/old/1_2000_west_3_day_photo.txt,30.90201971775,80.1360584873783,-2.22623256239379,photo,2000west3,0.101564715817417,417.282273603657,13.9293183760684,0.974702996921568,-46.3686255505425,co2,checked only linear fit,Looks good!,FALSE,day,Looks good!,Looks good!,keep
data/rawData/LI7500/LI7500_Site 1/old/1_2000_west_2_day_photo.txt,31.2828709677419,80.1379774193548,-4.72618692871915,photo,2000west2,0,413.782225806452,17.2732129032258,0.917590771411078,20.9185856092881,co2,checked only linear fit,Looks good!,FALSE,day,Looks good!,Looks good!,keep
data/rawData/LI7500/LI7500_Site 1/old/1_2000_west_1_day_photo.txt,31.0971032258065,80.1342838709677,-2.95425566613651,photo,2000west1,0,414.925387096774,16.5647741935484,0.865350408865134,8.78899019861991,co2,checked only linear fit,Looks good!,FALSE,day,Looks good!,Looks good!,keep
data/rawData/LI7500/LI7500_Site 1/old/1_2000_east_5_day_photo.txt,30.7227121212121,80.1644727272727,1.36651077843254,photo,2000east5,0,419.863242424242,19.3308348484848,0.909669597646114,-19.8867021070819,co2,checked only linear fit,Looks good!,FALSE,day,Looks good!,Looks good!,keep
data/rawData/LI7500/LI7500_Site 1/old/1_2000_east_4_day_photo.txt,31.0528555555556,80.1743027777778,2.69687987236151,photo,2000east4,0,420.897305555556,18.6653972222222,0.766948106026554,37.5003230566607,co2,checked only linear fit,Looks good!,FALSE,day,Looks good!,Looks good!,keep
data/rawData/LI7500/LI7500_Site 1/old/1_2000_east_3_day_photo.txt,31.374558490566,80.1863679245283,-1.36626668782389,photo,2000east3,0,416.311905660377,20.6356188679245,0.767868239287718,21.1368889589752,co2,checked only linear fit,Weird flux! Both positive and negative segments identified,FALSE,day,Looks good!,Looks good!,discard
data/rawData/LI7500/LI7500_Site 1/old/1_2000_east_2_day_photo.txt,31.324935,80.183535,-1.06611018930881,photo,2000east2,0,413.687925,21.4938325,0.708322881243416,-12.5927126652132,co2,checked only linear fit,Weird flux! Both positive and negative segments identified,FALSE,day,"Be careful, R2 is suspiciously low",Looks good!,discard
data/rawData/LI7500/LI7500_Site 1/old/1_2000_east_1_day_photo.txt,30.3146129032258,80.1744225806452,2.51431578360317,photo,2000east1,0,420.569709677419,21.3909838709677,0.871805773397895,-3.15237692948712,co2,checked only linear fit,Looks good!,FALSE,day,Looks good!,Looks good!,keep
data/rawData/LI7500/LI7500_Site 1/1_2000_west_5_day_redo_photo.txt,19.3041933520798,80.0001541419072,4.33382198544409,photo,2000west5,1.2321986456447,397.112321678693,24.3443472844157,0.947192656875765,-18.290838908117,co2,checked only linear fit,Looks good!,TRUE,day,Looks good!,"Not good, segments are extremely variable. Suggest to discard",discard
data/rawData/LI7500/LI7500_Site 1/1_2000_west_5_day_photo.txt,18.7851069408718,79.983526563369,1.48844573363574,photo,2000west5,1.256903579753,397.001542069313,24.5313131430756,0.927607728446091,5.33635463761799,co2,checked only linear fit,Weird flux! Both positive and negative segments identified,FALSE,day,Looks good!,"Not good, segments are extremely variable. Suggest to discard",discard
data/rawData/LI7500/LI7500_Site 1/1_2000_west_4_day_redo_photo.txt,20.0483019383135,79.9820815365026,3.04053305177523,photo,2000west4,0.21009738204875,402.572731607244,24.3522824136955,0.983200631568125,-47.8877217680492,co2,checked only linear fit,Looks good!,TRUE,day,Looks good!,Looks good!,keep
data/rawData/LI7500/LI7500_Site 1/1_2000_west_4_day_photo.txt,19.6856173469388,79.9914895408163,2.78192149161241,photo,2000west4,0,394.773352253401,24.9792478316327,0.816009800111808,48.6802911101468,co2,checked only linear fit,Weird flux! Both positive and negative segments identified,FALSE,day,Looks good!,Looks good!,discard
data/rawData/LI7500/LI7500_Site 1/1_2000_west_3_day_redo_photo.txt,20.823065625,79.9884625,1.21949881348315,photo,2000west3,0,398.02215625,26.345225,0.836749789212138,-40.5577053330614,co2,checked only linear fit,Weird flux! Both positive and negative segments identified,TRUE,day,Looks good!,Looks good!,discard
data/rawData/LI7500/LI7500_Site 1/1_2000_west_3_day_photo.txt,20.1894821428571,79.9800482142857,-1.15505438255746,photo,2000west3,0,398.049839285714,25.8190678571429,0.845931268353003,-22.9254948246476,co2,checked only linear fit,Weird flux! Both positive and negative segments identified,FALSE,day,Looks good!,Looks good!,discard
data/rawData/LI7500/LI7500_Site 1/1_2000_west_2_day_redo_photo.txt,21.1041571541502,79.9953246166008,-3.1407329637748,photo,2000west2,0.908709393499568,405.408664505929,27.0374922055336,0.861511504794006,74.3652519043561,co2,checked only linear fit,Looks good!,TRUE,day,Looks good!,"Not good, segments are extremely variable. Suggest to discard",discard
data/rawData/LI7500/LI7500_Site 1/1_2000_west_2_day_photo.txt,20.5513348404225,79.9957649688838,-3.98082077314497,photo,2000west2,0.211777605522194,402.41506929489,27.1727365926349,0.845150094753725,48.7114097283134,co2,checked only linear fit,Looks good!,FALSE,day,Looks good!,Looks good!,keep
data/rawData/LI7500/LI7500_Site 1/1_2000_west_1_day_photo.txt,20.698825,79.9974473214286,,photo,2000west1,0,398.515767857143,26.5616410714286,,,co2,checked only linear fit,Weird flux! Both positive and negative segments identified,FALSE,day,,,discard
data/rawData/LI7500/LI7500_Site 1/1_2000_east_5_day_photo.txt,24.8375940476191,80.1330642857143,2.10973134345386,photo,2000east5,0,397.168452380952,32.3950023809524,0.885704494224419,105.327490434692,co2,checked only linear fit,Weird flux! Both positive and negative segments identified,FALSE,day,Looks good!,Looks good!,discard
data/rawData/LI7500/LI7500_Site 1/1_2000_east_4_day_photo.txt,24.7625199777035,80.1300636231884,4.9834301745535,photo,2000east4,0.098784058833141,402.2494212932,32.9187475473802,0.904642021911224,118.653171047124,co2,checked only linear fit,Looks good!,FALSE,day,Looks good!,Looks good!,keep
data/rawData/LI7500/LI7500_Site 1/1_2000_east_3_day_photo.txt,23.9872783783784,80.1277135135135,2.12454098036906,photo,2000east3,0,395.364702702703,29.9780918918919,0.74952028767355,24.5752087403557,co2,checked only linear fit,Looks good!,FALSE,day,"Be careful, R2 is suspiciously low",Looks good!,discard
data/rawData/LI7500/LI7500_Site 1/1_2000_east_2_day_photo.txt,23.3836108695652,80.1290913043478,4.69084340046437,photo,2000east2,0,397.511652173913,30.0549347826087,0.789733110459911,111.362411115186,co2,checked only linear fit,Weird flux! Both positive and negative segments identified,FALSE,day,Looks good!,Looks good!,discard
data/rawData/LI7500/LI7500_Site 1/1_2000_east_1_day_photo.txt,22.0933132802681,80.0874055718475,3.51453683416452,photo,2000east1,0.0694860523085591,397.89647549225,30.3557129032258,0.807272251380386,52.2252982834219,co2,checked only linear fit,Looks good!,FALSE,day,Looks good!,Looks good!,keep
